19788189999599,TALES OF SHIVA,Mark,99,0
29780099578079,1Q84 THE COMPLETE TRILOGY,HARUKI MURAKAMI,88,011
39780198082897,MY KUMAN,Mark,9,01
49780007880331,THE GOD OF SMAAL THINGS,ARUNDHATI ROY,8,25
59780545060455,THE BLACK CIRCLE,Mark,99,06
69788126525072,THE THREE LAWS OF PERFORMANCE,Mark,9,07
79789381626610,CHAMarkKYA MANTRA,Mark,9,08
89788184513523,59.FLAGS,Mark,4,09
99780743234801,THE POWER OF POSITIVE THINKING FROM,Mark,9,013
109789381529621,YOU CAN IF YO THINK YO CAN,PEALE,7,07
9788183223966,DONGRI SE DUBAI TAK (MPH),Mark,8,088
9788187776005,MarkLANDA ADYTAN KOSH,Mark,9,055
9788187776013,MarkLANDA VISHAL SHABD SAGAR,-,7,136
8187776021,MarkLANDA CONCISE DICT(ENG TO HINDI),Mark,6,078
9789384716165,LIEUTEMarkMarkT GENERAL BHAGAT, A SAGA OF BRAVERY AND LEADERSHIP,3,298
9789384716233,LN. MarkIK SUNDER SINGH,N.A,1,0100