TALES OF SHIVA,Mark,Mark,12120
1Q84 THE COMPLETE TRILOGY,HARUKI MURAKAMI,Johan,1132165
MY KUMAN,Mark,Gopal,164554
THE GOD OF SMAAL THINGS,ARUNDHATI ROY,Doe,5654645
THE BLACK CIRCLE,Mark,Johan,6654654
THE THREE LAWS OF PERFORMANCE,4TH HARPER COLLINS,Mark,7654645
CHAMarkKYA MANTRA,4TH HARPER COLLINS,Alex,813231
FLAGS,4TH HARPER COLLINS,Carry,9846468
THE POWER OF POSITIVE THINKING FROM,A & A PUBLISHER,Minati,136786
YOU CAN IF YO THINK YO CAN,A & A PUBLISHER,Faruk,78468
DONGRI SE DUBAI TAK (MPH),A & A PUBLISHER,Johan,88654564
MarkLANDA ADYTAN KOSH,AADISH BOOK DEPOT,Doe,55315
